Product ID,Product Name,Sample SKU,Variants,Origins,Image Filename,Image Status,Google Image Search
2727, OIL SEAL  6M5G6700BA,YS6G6700AA,1,FORD,2727__OIL_SEAL__6M5G6700BA.jpg,NEEDED,https://www.google.com/search?q=YS6G6700AA++OIL+SEAL++6M5G6700BA+image&tbm=isch
3688,A-CON FAN COOLING,H38615-RBA-004,1,JP,3688_A-CON_FAN_COOLING.jpg,NEEDED,https://www.google.com/search?q=H38615-RBA-004+A-CON+FAN+COOLING+image&tbm=isch
8659,A.B.S PUMP,58910-M6100,6,,8659_A.B.S_PUMP.jpg,NEEDED,https://www.google.com/search?q=58910-M6100+A.B.S+PUMP+image&tbm=isch
8660,A.B.S PUMP ASSY,58920-1D100,4,,8660_A.B.S_PUMP_ASSY.jpg,NEEDED,https://www.google.com/search?q=58920-1D100+A.B.S+PUMP+ASSY+image&tbm=isch
14846,A.B.S SENSOR,BHPD-57-K1X,1,,14846_A.B.S_SENSOR.jpg,NEEDED,https://www.google.com/search?q=BHPD-57-K1X+A.B.S+SENSOR+image&tbm=isch
22306,"A.B.S SENSOR ,FRT LH",N243-43-73XB,1,,"22306_A.B.S_SENSOR_,FRT_LH.jpg",NEEDED,https://www.google.com/search?q=N243-43-73XB+A.B.S+SENSOR+%2CFRT+LH+image&tbm=isch
22303,"A.B.S SENSOR ,FRT RH",N243-43-70XB,1,,"22303_A.B.S_SENSOR_,FRT_RH.jpg",NEEDED,https://www.google.com/search?q=N243-43-70XB+A.B.S+SENSOR+%2CFRT+RH+image&tbm=isch
8668,A.B.S SENSOR LH REAR,58950-M6000,1,,8668_A.B.S_SENSOR_LH_REAR.jpg,NEEDED,https://www.google.com/search?q=58950-M6000+A.B.S+SENSOR+LH+REAR+image&tbm=isch
11076,"A.B.S SENSOR LH,FRT",95670-A4301,1,,"11076_A.B.S_SENSOR_LH,FRT.jpg",NEEDED,https://www.google.com/search?q=95670-A4301+A.B.S+SENSOR+LH%2CFRT+image&tbm=isch
22305,A.B.S SENSOR REAR LH,N243-43-72YA,1,,22305_A.B.S_SENSOR_REAR_LH.jpg,NEEDED,https://www.google.com/search?q=N243-43-72YA+A.B.S+SENSOR+REAR+LH+image&tbm=isch
11077,"A.B.S SENSOR RH,FRT",95671-A4301,1,,"11077_A.B.S_SENSOR_RH,FRT.jpg",NEEDED,https://www.google.com/search?q=95671-A4301+A.B.S+SENSOR+RH%2CFRT+image&tbm=isch
22304,"A.B.S SENSOR,REAR RH",N243-43-71YA,1,,"22304_A.B.S_SENSOR,REAR_RH.jpg",NEEDED,https://www.google.com/search?q=N243-43-71YA+A.B.S+SENSOR%2CREAR+RH+image&tbm=isch
8664,A.B.S. PUMP,58920-1M600,3,,8664_A.B.S._PUMP.jpg,NEEDED,https://www.google.com/search?q=58920-1M600+A.B.S.+PUMP+image&tbm=isch
8662,A.B.S. PUMP ASSY,58920-1M550,2,,8662_A.B.S._PUMP_ASSY.jpg,NEEDED,https://www.google.com/search?q=58920-1M550+A.B.S.+PUMP+ASSY+image&tbm=isch
8667,"A.B.S. SENSOR RH,FRT",58940-M6300,1,,"8667_A.B.S._SENSOR_RH,FRT.jpg",NEEDED,https://www.google.com/search?q=58940-M6300+A.B.S.+SENSOR+RH%2CFRT+image&tbm=isch
8669,"A.B.S. SENSOR RH,REAR",58960-M6000,1,,"8669_A.B.S._SENSOR_RH,REAR.jpg",NEEDED,https://www.google.com/search?q=58960-M6000+A.B.S.+SENSOR+RH%2CREAR+image&tbm=isch
8666,"A.B.S.SENSOR LH,FRT",58930-M6300,1,,"8666_A.B.S.SENSOR_LH,FRT.jpg",NEEDED,https://www.google.com/search?q=58930-M6300+A.B.S.SENSOR+LH%2CFRT+image&tbm=isch
12948,A.T.F 1LT,000-FZ-ONE LT,1,,12948_A.T.F_1LT.jpg,NEEDED,https://www.google.com/search?q=000-FZ-ONE+LT+A.T.F+1LT+image&tbm=isch
22518,A/C BELT,N3R1-15-908,3,,22518_A-C_BELT.jpg,NEEDED,https://www.google.com/search?q=N3R1-15-908+A/C+BELT+image&tbm=isch
11191,A/C BELT  (4PK-855 ),97713-4E000,1,,11191_A-C_BELT__(4PK-855_).jpg,NEEDED,https://www.google.com/search?q=97713-4E000+A/C+BELT++(4PK-855+)+image&tbm=isch
22002,A/C BELT (5PK 716 ),LF51-15-908B,1,,22002_A-C_BELT_(5PK_716_).jpg,NEEDED,https://www.google.com/search?q=LF51-15-908B+A/C+BELT+(5PK+716+)+image&tbm=isch
23196,A/C BELT 3K 831,PEES-15-908,1,,23196_A-C_BELT_3K_831.jpg,NEEDED,https://www.google.com/search?q=PEES-15-908+A/C+BELT+3K+831+image&tbm=isch
2638,A/C COMPRESSOR,XS4H19497AA,1,FORD,2638_A-C_COMPRESSOR.jpg,NEEDED,https://www.google.com/search?q=XS4H19497AA+A/C+COMPRESSOR+image&tbm=isch
15553,A/C CONDENSER,BPYK-61-48Z,2,MZ,15553_A-C_CONDENSER.jpg,NEEDED,https://www.google.com/search?q=BPYK-61-48Z+A/C+CONDENSER+image&tbm=isch
6084,A/C CONDENSER (H01),H80110-TM0-T01,1,TH,6084_A-C_CONDENSER_(H01).jpg,NEEDED,https://www.google.com/search?q=H80110-TM0-T01+A/C+CONDENSER+(H01)+image&tbm=isch
384,A/C CONDENSER 3M5H19710CC,3M5H19710CA,1,FORD,384_A-C_CONDENSER_3M5H19710CC.jpg,NEEDED,https://www.google.com/search?q=3M5H19710CA+A/C+CONDENSER+3M5H19710CC+image&tbm=isch
387,A/C DRYER,3M5H19E647BA,1,FORD,387_A-C_DRYER.jpg,NEEDED,https://www.google.com/search?q=3M5H19E647BA+A/C+DRYER+image&tbm=isch
386,A/C DRYER PIPE,3M5H19A705EC,1,FORD,386_A-C_DRYER_PIPE.jpg,NEEDED,https://www.google.com/search?q=3M5H19A705EC+A/C+DRYER+PIPE+image&tbm=isch
3686,A/C FAN COONLING,H38615-RA0-J01,1,JP,3686_A-C_FAN_COONLING.jpg,NEEDED,https://www.google.com/search?q=H38615-RA0-J01+A/C+FAN+COONLING+image&tbm=isch
3694,A/C FAN MOTOR,H38616-P3G-003,6,"JP,JAPAN",3694_A-C_FAN_MOTOR.jpg,NEEDED,https://www.google.com/search?q=H38616-P3G-003+A/C+FAN+MOTOR+image&tbm=isch
3695,A/C FAN MOTOR (DENSO),H38616-PWA-J01,2,"JAPAN,JP",3695_A-C_FAN_MOTOR_(DENSO).jpg,NEEDED,https://www.google.com/search?q=H38616-PWA-J01+A/C+FAN+MOTOR+(DENSO)+image&tbm=isch
3704,A/C FAN MOTOR JP,H38616-RWK-J01,1,JP,3704_A-C_FAN_MOTOR_JP.jpg,NEEDED,https://www.google.com/search?q=H38616-RWK-J01+A/C+FAN+MOTOR+JP+image&tbm=isch
1186,A/C LIQUID PIPE,AP3119A704DB,1,,1186_A-C_LIQUID_PIPE.jpg,NEEDED,https://www.google.com/search?q=AP3119A704DB+A/C+LIQUID+PIPE+image&tbm=isch
21567,A/C MOTOR RH,L328-15-150,1,,21567_A-C_MOTOR_RH.jpg,NEEDED,https://www.google.com/search?q=L328-15-150+A/C+MOTOR+RH+image&tbm=isch
11214,"A/C PIPE,HOSE ASSY",97775-FD100,1,KIA,"11214_A-C_PIPE,HOSE_ASSY.jpg",NEEDED,https://www.google.com/search?q=97775-FD100+A/C+PIPE%2CHOSE+ASSY+image&tbm=isch
18442,"A/C PIPE,LOW PRESSURE",F151-61-4T0A,1,,"18442_A-C_PIPE,LOW_PRESSURE.jpg",NEEDED,https://www.google.com/search?q=F151-61-4T0A+A/C+PIPE%2CLOW+PRESSURE+image&tbm=isch
11209,"A/C PIPE,SUCTION",97775-1M000,2,,"11209_A-C_PIPE,SUCTION.jpg",NEEDED,https://www.google.com/search?q=97775-1M000+A/C+PIPE%2CSUCTION+image&tbm=isch
1187,"A/C SUCTION,DISCHARGE PIPE",AP3119D850AA,1,,"1187_A-C_SUCTION,DISCHARGE_PIPE.jpg",NEEDED,https://www.google.com/search?q=AP3119D850AA+A/C+SUCTION%2CDISCHARGE+PIPE+image&tbm=isch
3697,"A/C,FAN MOTOR (2.4)",H38616-R40-A01,1,JP,"3697_A-C,FAN_MOTOR_(2.4).jpg",NEEDED,https://www.google.com/search?q=H38616-R40-A01+A/C%2CFAN+MOTOR+(2.4)+image&tbm=isch
484,A/CLEANER RESONACE,4M519F763BB,1,,484_A-CLEANER_RESONACE.jpg,NEEDED,https://www.google.com/search?q=4M519F763BB+A/CLEANER+RESONACE+image&tbm=isch
15384,A/CON CONDENSER,BP4K-61-480TW,1,,15384_A-CON_CONDENSER.jpg,NEEDED,https://www.google.com/search?q=BP4K-61-480TW+A/CON+CONDENSER+image&tbm=isch
17319,A/T CABLE,D652-46-500C,1,,17319_A-T_CABLE.jpg,NEEDED,https://www.google.com/search?q=D652-46-500C+A/T+CABLE+image&tbm=isch
2641,A/T FILTER,XS4P7B155AB,1,FORD,2641_A-T_FILTER.jpg,NEEDED,https://www.google.com/search?q=XS4P7B155AB+A/T+FILTER+image&tbm=isch
1957,A/T GASKET KIT,FWY222900,1,FORD,1957_A-T_GASKET_KIT.jpg,NEEDED,https://www.google.com/search?q=FWY222900+A/T+GASKET+KIT+image&tbm=isch
15703,A/T GASKET SET ASSY,BW60-22-900A,1,,15703_A-T_GASKET_SET_ASSY.jpg,NEEDED,https://www.google.com/search?q=BW60-22-900A+A/T+GASKET+SET+ASSY+image&tbm=isch
520,A/T OIL COOLER,4M5P7A095BE,2,FORD,520_A-T_OIL_COOLER.jpg,NEEDED,https://www.google.com/search?q=4M5P7A095BE+A/T+OIL+COOLER+image&tbm=isch
519,A/T OIL COOLER HOSE,4M5P7890UC,2,,519_A-T_OIL_COOLER_HOSE.jpg,NEEDED,https://www.google.com/search?q=4M5P7890UC+A/T+OIL+COOLER+HOSE+image&tbm=isch
518,A/T OIL COOLER HOSE 4M5P7890NC,4M5P7890NB,1,,518_A-T_OIL_COOLER_HOSE_4M5P7890NC.jpg,NEEDED,https://www.google.com/search?q=4M5P7890NB+A/T+OIL+COOLER+HOSE+4M5P7890NC+image&tbm=isch
18750,A/T OIL PAN,FN11-21-51X,1,MZ,18750_A-T_OIL_PAN.jpg,NEEDED,https://www.google.com/search?q=FN11-21-51X+A/T+OIL+PAN+image&tbm=isch
15699,A/T OIL PAN ASSY,BW60-19-836,1,,15699_A-T_OIL_PAN_ASSY.jpg,NEEDED,https://www.google.com/search?q=BW60-19-836+A/T+OIL+PAN+ASSY+image&tbm=isch
18759,A/T OIL PRESSURE SWITCH,FNE2-21-2J1A,1,,18759_A-T_OIL_PRESSURE_SWITCH.jpg,NEEDED,https://www.google.com/search?q=FNE2-21-2J1A+A/T+OIL+PRESSURE+SWITCH+image&tbm=isch
11736,ABOSORBER RR/LH,334116,1,KYB,11736_ABOSORBER_RR-LH.jpg,NEEDED,https://www.google.com/search?q=334116+ABOSORBER+RR/LH+image&tbm=isch
11594,ABOSRBER RR,333286,1,KYB,11594_ABOSRBER_RR.jpg,NEEDED,https://www.google.com/search?q=333286+ABOSRBER+RR+image&tbm=isch
4374,ABS MODULATOR,H57110-SNW-J02,1,JP,4374_ABS_MODULATOR.jpg,NEEDED,https://www.google.com/search?q=H57110-SNW-J02+ABS+MODULATOR+image&tbm=isch
4393,ABS SENSOR LH (1.7-2.0),H57455-SJD-043,1,JP,4393_ABS_SENSOR_LH_(1.7-2.0).jpg,NEEDED,https://www.google.com/search?q=H57455-SJD-043+ABS+SENSOR+LH+(1.7-2.0)+image&tbm=isch
11788,ABSCRBER FRT RH,334186,1,KYB,11788_ABSCRBER_FRT_RH.jpg,NEEDED,https://www.google.com/search?q=334186+ABSCRBER+FRT+RH+image&tbm=isch
12868,ABSOBER FRT,662002,1,KYB,12868_ABSOBER_FRT.jpg,NEEDED,https://www.google.com/search?q=662002+ABSOBER+FRT+image&tbm=isch
11363,ABSORBER,331005,373,"KYB,JAPAN,THAI",11363_ABSORBER.jpg,NEEDED,https://www.google.com/search?q=331005+ABSORBER+image&tbm=isch
12709,ABSORBER    FT,553152,4,KYB,12709_ABSORBER____FT.jpg,NEEDED,https://www.google.com/search?q=553152+ABSORBER++++FT+image&tbm=isch
12716,ABSORBER    RR,553189,4,KYB,12716_ABSORBER____RR.jpg,NEEDED,https://www.google.com/search?q=553189+ABSORBER++++RR+image&tbm=isch
11620,ABSORBER   333213,333312,1,KYB,11620_ABSORBER___333213.jpg,NEEDED,https://www.google.com/search?q=333312+ABSORBER+++333213+image&tbm=isch
11621,ABSORBER   333214,333313,1,KYB,11621_ABSORBER___333214.jpg,NEEDED,https://www.google.com/search?q=333313+ABSORBER+++333214+image&tbm=isch
12698,ABSORBER   FT,553064,8,KYB,12698_ABSORBER___FT.jpg,NEEDED,https://www.google.com/search?q=553064+ABSORBER+++FT+image&tbm=isch
11593,ABSORBER   FT L/H,333281,1,KYB,11593_ABSORBER___FT_L-H.jpg,NEEDED,https://www.google.com/search?q=333281+ABSORBER+++FT+L/H+image&tbm=isch
11592,ABSORBER   FT R/H,333280,1,KYB,11592_ABSORBER___FT_R-H.jpg,NEEDED,https://www.google.com/search?q=333280+ABSORBER+++FT+R/H+image&tbm=isch
12136,ABSORBER   RR,342018,17,KYB,12136_ABSORBER___RR.jpg,NEEDED,https://www.google.com/search?q=342018+ABSORBER+++RR+image&tbm=isch
11543,ABSORBER  FRT,333210,5,KYB,11543_ABSORBER__FRT.jpg,NEEDED,https://www.google.com/search?q=333210+ABSORBER++FRT+image&tbm=isch
11636,ABSORBER  FRT LH,333347,3,KYB,11636_ABSORBER__FRT_LH.jpg,NEEDED,https://www.google.com/search?q=333347+ABSORBER++FRT+LH+image&tbm=isch
11890,ABSORBER  FRT R/H,334360,2,KYB,11890_ABSORBER__FRT_R-H.jpg,NEEDED,https://www.google.com/search?q=334360+ABSORBER++FRT+R/H+image&tbm=isch
11642,ABSORBER  FRT RH,333355,3,KYB,11642_ABSORBER__FRT_RH.jpg,NEEDED,https://www.google.com/search?q=333355+ABSORBER++FRT+RH+image&tbm=isch
12563,ABSORBER  FT,444067,2,KYB,12563_ABSORBER__FT.jpg,NEEDED,https://www.google.com/search?q=444067+ABSORBER++FT+image&tbm=isch
11842,ABSORBER  FT R/H,334271,4,KYB,11842_ABSORBER__FT_R-H.jpg,NEEDED,https://www.google.com/search?q=334271+ABSORBER++FT+R/H+image&tbm=isch
11986,ABSORBER  RR,341095,17,"KYB,THAI,JP,JAPAN",11986_ABSORBER__RR.jpg,NEEDED,https://www.google.com/search?q=341095+ABSORBER++RR+image&tbm=isch
11644,ABSORBER  RR RH,333357,2,KYB,11644_ABSORBER__RR_RH.jpg,NEEDED,https://www.google.com/search?q=333357+ABSORBER++RR+RH+image&tbm=isch
11329,ABSORBER BACK DOOR LH,112003,7,KYB,11329_ABSORBER_BACK_DOOR_LH.jpg,NEEDED,https://www.google.com/search?q=112003+ABSORBER+BACK+DOOR+LH+image&tbm=isch
11328,ABSORBER BACK DOOR RH,112002,7,KYB,11328_ABSORBER_BACK_DOOR_RH.jpg,NEEDED,https://www.google.com/search?q=112002+ABSORBER+BACK+DOOR+RH+image&tbm=isch
11343,ABSORBER CABIN,133002,17,KYB,11343_ABSORBER_CABIN.jpg,NEEDED,https://www.google.com/search?q=133002+ABSORBER+CABIN+image&tbm=isch
12281,ABSORBER FF,344202 T,2,"THAI,JAPAN",12281_ABSORBER_FF.jpg,NEEDED,https://www.google.com/search?q=344202+T+ABSORBER+FF+image&tbm=isch
1,ABSORBER FRONT,333494 AL,2,CHINA,1_ABSORBER_FRONT.jpg,NEEDED,https://www.google.com/search?q=333494+AL+ABSORBER+FRONT+image&tbm=isch
5,ABSORBER FRT,332102,98,"CHINA,KYB,JAPAN,JP",5_ABSORBER_FRT.jpg,NEEDED,https://www.google.com/search?q=332102+ABSORBER+FRT+image&tbm=isch
11452,ABSORBER FRT L,333008,3,"JP,JAPAN",11452_ABSORBER_FRT_L.jpg,NEEDED,https://www.google.com/search?q=333008+ABSORBER+FRT+L+image&tbm=isch
11724,ABSORBER FRT L/H,334098,23,"KYB,JAPAN,KOREA",11724_ABSORBER_FRT_L-H.jpg,NEEDED,https://www.google.com/search?q=334098+ABSORBER+FRT+L/H+image&tbm=isch
11437,ABSORBER FRT LH,332105,22,"KYB,JAPAN",11437_ABSORBER_FRT_LH.jpg,NEEDED,https://www.google.com/search?q=332105+ABSORBER+FRT+LH+image&tbm=isch
11451,ABSORBER FRT R,333007,4,"JP,JAPAN",11451_ABSORBER_FRT_R.jpg,NEEDED,https://www.google.com/search?q=333007+ABSORBER+FRT+R+image&tbm=isch
11723,ABSORBER FRT R/H,334097,17,"KYB,KOREA",11723_ABSORBER_FRT_R-H.jpg,NEEDED,https://www.google.com/search?q=334097+ABSORBER+FRT+R/H+image&tbm=isch
11583,ABSORBER FRT R/L,333268,5,KYB,11583_ABSORBER_FRT_R-L.jpg,NEEDED,https://www.google.com/search?q=333268+ABSORBER+FRT+R/L+image&tbm=isch
11591,ABSORBER FRT R/LH,333278,2,KYB,11591_ABSORBER_FRT_R-LH.jpg,NEEDED,https://www.google.com/search?q=333278+ABSORBER+FRT+R/LH+image&tbm=isch
11436,ABSORBER FRT RH,332104,23,"KYB,MALAYSIA,JPAN,JAPAN",11436_ABSORBER_FRT_RH.jpg,NEEDED,https://www.google.com/search?q=332104+ABSORBER+FRT+RH+image&tbm=isch
11446,ABSORBER FRT RH X LH,332120,8,"KYB,EUROPE,JP",11446_ABSORBER_FRT_RH_X_LH.jpg,NEEDED,https://www.google.com/search?q=332120+ABSORBER+FRT+RH+X+LH+image&tbm=isch
11361,ABSORBER FT,331003,102,"KYB,JAPAN,THAI,JP",11361_ABSORBER_FT.jpg,NEEDED,https://www.google.com/search?q=331003+ABSORBER+FT+image&tbm=isch
11460,ABSORBER FT L,333031,39,KYB,11460_ABSORBER_FT_L.jpg,NEEDED,https://www.google.com/search?q=333031+ABSORBER+FT+L+image&tbm=isch
11464,ABSORBER FT L/H,333035,55,"KYB,JP,KOREA,EUROPE,JAPAN",11464_ABSORBER_FT_L-H.jpg,NEEDED,https://www.google.com/search?q=333035+ABSORBER+FT+L/H+image&tbm=isch
11459,ABSORBER FT R,333030,37,KYB,11459_ABSORBER_FT_R.jpg,NEEDED,https://www.google.com/search?q=333030+ABSORBER+FT+R+image&tbm=isch
11463,ABSORBER FT R/H,333034,58,"KYB,JP,KOREA,EUROPE",11463_ABSORBER_FT_R-H.jpg,NEEDED,https://www.google.com/search?q=333034+ABSORBER+FT+R/H+image&tbm=isch
11471,ABSORBER FT R/L,333057,25,"KYB,JAPAN",11471_ABSORBER_FT_R-L.jpg,NEEDED,https://www.google.com/search?q=333057+ABSORBER+FT+R/L+image&tbm=isch
11385,ABSORBER FT/L,332031,12,KYB,11385_ABSORBER_FT-L.jpg,NEEDED,https://www.google.com/search?q=332031+ABSORBER+FT/L+image&tbm=isch
11711,ABSORBER FT/L/H,334080,2,KYB,11711_ABSORBER_FT-L-H.jpg,NEEDED,https://www.google.com/search?q=334080+ABSORBER+FT/L/H+image&tbm=isch
11799,ABSORBER FT/LH,334198,2,KYB,11799_ABSORBER_FT-LH.jpg,NEEDED,https://www.google.com/search?q=334198+ABSORBER+FT/LH+image&tbm=isch
11382,ABSORBER FT/R,332028,14,KYB,11382_ABSORBER_FT-R.jpg,NEEDED,https://www.google.com/search?q=332028+ABSORBER+FT/R+image&tbm=isch
11798,ABSORBER FT/RH,334197,2,KYB,11798_ABSORBER_FT-RH.jpg,NEEDED,https://www.google.com/search?q=334197+ABSORBER+FT/RH+image&tbm=isch
11376,ABSORBER R,332019,2,,11376_ABSORBER_R.jpg,NEEDED,https://www.google.com/search?q=332019+ABSORBER+R+image&tbm=isch
12554,ABSORBER R/L,444040,2,"KYB,JP",12554_ABSORBER_R-L.jpg,NEEDED,https://www.google.com/search?q=444040+ABSORBER+R/L+image&tbm=isch
12130,ABSORBER REAR,341455,4,"JAPAN,KYB",12130_ABSORBER_REAR.jpg,NEEDED,https://www.google.com/search?q=341455+ABSORBER+REAR+image&tbm=isch
11360,ABSORBER RR,331001,308,"KYB,JAPAN,JP,.JAPAN,THAI,T'LAN",11360_ABSORBER_RR.jpg,NEEDED,https://www.google.com/search?q=331001+ABSORBER+RR+image&tbm=isch
11431,ABSORBER RR L,332095,19,KYB,11431_ABSORBER_RR_L.jpg,NEEDED,https://www.google.com/search?q=332095+ABSORBER+RR+L+image&tbm=isch
11698,ABSORBER RR L/H,334062,25,"KYB,JP",11698_ABSORBER_RR_L-H.jpg,NEEDED,https://www.google.com/search?q=334062+ABSORBER+RR+L/H+image&tbm=isch
11411,ABSORBER RR LH,332067,9,KYB,11411_ABSORBER_RR_LH.jpg,NEEDED,https://www.google.com/search?q=332067+ABSORBER+RR+LH+image&tbm=isch
11447,ABSORBER RR R,333002,19,KYB,11447_ABSORBER_RR_R.jpg,NEEDED,https://www.google.com/search?q=333002+ABSORBER+RR+R+image&tbm=isch
11697,ABSORBER RR R/H,334061,27,"KYB,JP",11697_ABSORBER_RR_R-H.jpg,NEEDED,https://www.google.com/search?q=334061+ABSORBER+RR+R/H+image&tbm=isch
11681,ABSORBER RR R/L,334036,23,"KYB,-",11681_ABSORBER_RR_R-L.jpg,NEEDED,https://www.google.com/search?q=334036+ABSORBER+RR+R/L+image&tbm=isch
12108,ABSORBER RR R/LH,341318,8,"KYB,EUROPE",12108_ABSORBER_RR_R-LH.jpg,NEEDED,https://www.google.com/search?q=341318+ABSORBER+RR+R/LH+image&tbm=isch
11410,ABSORBER RR RH,332066,10,KYB,11410_ABSORBER_RR_RH.jpg,NEEDED,https://www.google.com/search?q=332066+ABSORBER+RR+RH+image&tbm=isch
11923,ABSORBER RR RH X LH,334922,8,"KYB,KIA,JP",11923_ABSORBER_RR_RH_X_LH.jpg,NEEDED,https://www.google.com/search?q=334922+ABSORBER+RR+RH+X+LH+image&tbm=isch
11375,ABSORBER RR/L,332012,16,KYB,11375_ABSORBER_RR-L.jpg,NEEDED,https://www.google.com/search?q=332012+ABSORBER+RR/L+image&tbm=isch
11580,ABSORBER RR/LH,333265,5,KYB,11580_ABSORBER_RR-LH.jpg,NEEDED,https://www.google.com/search?q=333265+ABSORBER+RR/LH+image&tbm=isch
11374,ABSORBER RR/R,332011,12,KYB,11374_ABSORBER_RR-R.jpg,NEEDED,https://www.google.com/search?q=332011+ABSORBER+RR/R+image&tbm=isch
11579,ABSORBER RR/RH,333264,4,KYB,11579_ABSORBER_RR-RH.jpg,NEEDED,https://www.google.com/search?q=333264+ABSORBER+RR/RH+image&tbm=isch
9862,"ABSORBER,FRT BUMPER",86520-07000,5,KIA,"9862_ABSORBER,FRT_BUMPER.jpg",NEEDED,https://www.google.com/search?q=86520-07000+ABSORBER%2CFRT+BUMPER+image&tbm=isch
10226,"ABSORBER,RR BUMPER",86620-1D010,7,KIA,"10226_ABSORBER,RR_BUMPER.jpg",NEEDED,https://www.google.com/search?q=86620-1D010+ABSORBER%2CRR+BUMPER+image&tbm=isch
9865,ABSORBER-FRT BUMPER,86520-1D030,3,,9865_ABSORBER-FRT_BUMPER.jpg,NEEDED,https://www.google.com/search?q=86520-1D030+ABSORBER-FRT+BUMPER+image&tbm=isch
1722,ACC CABLE,0K61A-41-660L,10,"FORD,KIA,MZ",1722_ACC_CABLE.jpg,NEEDED,https://www.google.com/search?q=0K61A-41-660L+ACC+CABLE+image&tbm=isch
22052,"ACTR,VARIABLEV.TIMING",LF94-12-4X0C,2,,"22052_ACTR,VARIABLEV.TIMING.jpg",NEEDED,https://www.google.com/search?q=LF94-12-4X0C+ACTR%2CVARIABLEV.TIMING+image&tbm=isch
14910,"ACTU,H/L CLEANER LH",BHT4-51-82Y,3,,"14910_ACTU,H-L_CLEANER_LH.jpg",NEEDED,https://www.google.com/search?q=BHT4-51-82Y+ACTU%2CH/L+CLEANER+LH+image&tbm=isch
14909,"ACTU,H/L CLEANER RH",BHT4-51-82X,3,,"14909_ACTU,H-L_CLEANER_RH.jpg",NEEDED,https://www.google.com/search?q=BHT4-51-82X+ACTU%2CH/L+CLEANER+RH+image&tbm=isch
18656,ACTU.H/L CLEANER LH,FE03-51-827,2,MZ,18656_ACTU.H-L_CLEANER_LH.jpg,NEEDED,https://www.google.com/search?q=FE03-51-827+ACTU.H/L+CLEANER+LH+image&tbm=isch
18655,ACTU.H/L CLEANER RH,FE03-51-826,2,MZ,18655_ACTU.H-L_CLEANER_RH.jpg,NEEDED,https://www.google.com/search?q=FE03-51-826+ACTU.H/L+CLEANER+RH+image&tbm=isch
21258,ACTUATOR,KE78-61-A70,2,,21258_ACTUATOR.jpg,NEEDED,https://www.google.com/search?q=KE78-61-A70+ACTUATOR+image&tbm=isch
21718,"ACTUATOR,SHUTTER VALVE",L3K9-20-170A,4,MZ,"21718_ACTUATOR,SHUTTER_VALVE.jpg",NEEDED,https://www.google.com/search?q=L3K9-20-170A+ACTUATOR%2CSHUTTER+VALVE+image&tbm=isch
6231,ADJUSTER LASH,0K247-12-101,2,KIA,6231_ADJUSTER_LASH.jpg,NEEDED,https://www.google.com/search?q=0K247-12-101+ADJUSTER+LASH+image&tbm=isch
21678,"ADJUSTER,CHAIN",L3K9-12-500A,4,,"21678_ADJUSTER,CHAIN.jpg",NEEDED,https://www.google.com/search?q=L3K9-12-500A+ADJUSTER%2CCHAIN+image&tbm=isch
8480,AIR BAG ASSY RH,56900-1M400WK,2,,8480_AIR_BAG_ASSY_RH.jpg,NEEDED,https://www.google.com/search?q=56900-1M400WK+AIR+BAG+ASSY+RH+image&tbm=isch
14647,"AIR BAG RH,CURTAIN",BEYN-57-KM0A,2,,"14647_AIR_BAG_RH,CURTAIN.jpg",NEEDED,https://www.google.com/search?q=BEYN-57-KM0A+AIR+BAG+RH%2CCURTAIN+image&tbm=isch
6035,AIR BAG SENSOR R&L,H77930-SDA-Y83,3,JP,6035_AIR_BAG_SENSOR_R&L.jpg,NEEDED,https://www.google.com/search?q=H77930-SDA-Y83+AIR+BAG+SENSOR+R&L+image&tbm=isch
8479,AIR BAR RH,56900-1M000 WK,2,,8479_AIR_BAR_RH.jpg,NEEDED,https://www.google.com/search?q=56900-1M000+WK+AIR+BAR+RH+image&tbm=isch
2978,AIR CLEANER CASE LO,H17201-RFE-000,2,JAPAN,2978_AIR_CLEANER_CASE_LO.jpg,NEEDED,https://www.google.com/search?q=H17201-RFE-000+AIR+CLEANER+CASE+LO+image&tbm=isch
2987,AIR CLEANER COVER UP,H17210-RBA-000,2,"JP,JAPAN",2987_AIR_CLEANER_COVER_UP.jpg,NEEDED,https://www.google.com/search?q=H17210-RBA-000+AIR+CLEANER+COVER+UP+image&tbm=isch
14566,AIR CON COMPRESSOR,BDGF-61-450,2,MZ,14566_AIR_CON_COMPRESSOR.jpg,NEEDED,https://www.google.com/search?q=BDGF-61-450+AIR+CON+COMPRESSOR+image&tbm=isch
1488,AIR CON COMPRESSOR ASSY,BV6N19D629AC,3,,1488_AIR_CON_COMPRESSOR_ASSY.jpg,NEEDED,https://www.google.com/search?q=BV6N19D629AC+AIR+CON+COMPRESSOR+ASSY+image&tbm=isch
11174,AIR CON CONSENSER,97606-2Y500,2,,11174_AIR_CON_CONSENSER.jpg,NEEDED,https://www.google.com/search?q=97606-2Y500+AIR+CON+CONSENSER+image&tbm=isch
11200,AIR CON DISCHARGE PIPE,97762-4E250,2,,11200_AIR_CON_DISCHARGE_PIPE.jpg,NEEDED,https://www.google.com/search?q=97762-4E250+AIR+CON+DISCHARGE+PIPE+image&tbm=isch
13188,AIR CON EVAPORATOR,B0J8-61-J10,2,,13188_AIR_CON_EVAPORATOR.jpg,NEEDED,https://www.google.com/search?q=B0J8-61-J10+AIR+CON+EVAPORATOR+image&tbm=isch
1911,AIR CON FILTER MU2J19N619FA,FR3B18D483AA,2,,1911_AIR_CON_FILTER_MU2J19N619FA.jpg,NEEDED,https://www.google.com/search?q=FR3B18D483AA+AIR+CON+FILTER+MU2J19N619FA+image&tbm=isch
11195,AIR CON LIQUID PIPE,97761-4E950,2,,11195_AIR_CON_LIQUID_PIPE.jpg,NEEDED,https://www.google.com/search?q=97761-4E950+AIR+CON+LIQUID+PIPE+image&tbm=isch
21598,AIR CON MOTOR RH,L33E-15-150,2,,21598_AIR_CON_MOTOR_RH.jpg,NEEDED,https://www.google.com/search?q=L33E-15-150+AIR+CON+MOTOR+RH+image&tbm=isch
362,AIR DEFLECTOR LH,3M518311BE,2,,362_AIR_DEFLECTOR_LH.jpg,NEEDED,https://www.google.com/search?q=3M518311BE+AIR+DEFLECTOR+LH+image&tbm=isch
361,AIR DEFLECTOR RH,3M518310BE,2,,361_AIR_DEFLECTOR_RH.jpg,NEEDED,https://www.google.com/search?q=3M518310BE+AIR+DEFLECTOR+RH+image&tbm=isch
9963,"AIR DUCT LH,FRT BUMPER",86541-M6000,2,,"9963_AIR_DUCT_LH,FRT_BUMPER.jpg",NEEDED,https://www.google.com/search?q=86541-M6000+AIR+DUCT+LH%2CFRT+BUMPER+image&tbm=isch
9964,"AIR DUCT RH,FRT BUMPER",86542-M6000,2,,"9964_AIR_DUCT_RH,FRT_BUMPER.jpg",NEEDED,https://www.google.com/search?q=86542-M6000+AIR+DUCT+RH%2CFRT+BUMPER+image&tbm=isch
776,"AIR DUST,TOP",7M519E635AD,2,,"776_AIR_DUST,TOP.jpg",NEEDED,https://www.google.com/search?q=7M519E635AD+AIR+DUST%2CTOP+image&tbm=isch
3000,AIR FILTER (2.0),H17220-R60-U00,3,JP,3000_AIR_FILTER_(2.0).jpg,NEEDED,https://www.google.com/search?q=H17220-R60-U00+AIR+FILTER+(2.0)+image&tbm=isch
3656,AIR FLOW SENSOR (2.4),H37980-R40-A01,2,JP,3656_AIR_FLOW_SENSOR_(2.4).jpg,NEEDED,https://www.google.com/search?q=H37980-R40-A01+AIR+FLOW+SENSOR+(2.4)+image&tbm=isch
22486,AIR HOSE ASSY,N3H3-13-22XJ,2,,22486_AIR_HOSE_ASSY.jpg,NEEDED,https://www.google.com/search?q=N3H3-13-22XJ+AIR+HOSE+ASSY+image&tbm=isch
3038,AIR INTAKE TUBE B,H17253-R40-A00,2,JP,3038_AIR_INTAKE_TUBE_B.jpg,NEEDED,https://www.google.com/search?q=H17253-R40-A00+AIR+INTAKE+TUBE+B+image&tbm=isch
10031,"AIR SKIRT,FRT BUMPER",86565-H8400,2,MZ,"10031_AIR_SKIRT,FRT_BUMPER.jpg",NEEDED,https://www.google.com/search?q=86565-H8400+AIR+SKIRT%2CFRT+BUMPER+image&tbm=isch
2996,"AIR,FILTER",H17220-PLC-Y00,3,JP,"2996_AIR,FILTER.jpg",NEEDED,https://www.google.com/search?q=H17220-PLC-Y00+AIR%2CFILTER+image&tbm=isch
3013,"AIR,FLOW TUBE",H17228-RAA-A10,3,JP,"3013_AIR,FLOW_TUBE.jpg",NEEDED,https://www.google.com/search?q=H17228-RAA-A10+AIR%2CFLOW+TUBE+image&tbm=isch
2899,AIR-BAG LH,H06780-SAA-E80ZA,2,"JAPAN,JP",2899_AIR-BAG_LH.jpg,NEEDED,https://www.google.com/search?q=H06780-SAA-E80ZA+AIR-BAG+LH+image&tbm=isch
11068,ANTENNA ASSY-SMARTKEY,95420-3K100,2,,11068_ANTENNA_ASSY-SMARTKEY.jpg,NEEDED,https://www.google.com/search?q=95420-3K100+ANTENNA+ASSY-SMARTKEY+image&tbm=isch
8735,APRON PANEL LH,64501-2F000,3,KIA,8735_APRON_PANEL_LH.jpg,NEEDED,https://www.google.com/search?q=64501-2F000+APRON+PANEL+LH+image&tbm=isch
8733,"APRON PANEL LH,FRT FENDER",64501-1G000,2,,"8733_APRON_PANEL_LH,FRT_FENDER.jpg",NEEDED,https://www.google.com/search?q=64501-1G000+APRON+PANEL+LH%2CFRT+FENDER+image&tbm=isch
8740,APRON PANEL RH,64502-2F000,3,KIA,8740_APRON_PANEL_RH.jpg,NEEDED,https://www.google.com/search?q=64502-2F000+APRON+PANEL+RH+image&tbm=isch
8738,"APRON PANEL RH,FRT FENDER",64502-1G000,2,,"8738_APRON_PANEL_RH,FRT_FENDER.jpg",NEEDED,https://www.google.com/search?q=64502-1G000+APRON+PANEL+RH%2CFRT+FENDER+image&tbm=isch
21856,ARM,LC62-34-350C,2,MZ,21856_ARM.jpg,NEEDED,https://www.google.com/search?q=LC62-34-350C+ARM+image&tbm=isch
21855,ARM LW,LC62-34-300C,2,MZ,21855_ARM_LW.jpg,NEEDED,https://www.google.com/search?q=LC62-34-300C+ARM+LW+image&tbm=isch
6349,ARMBASE R WIND,0K30C-58-560,3,MZ,6349_ARMBASE_R_WIND.jpg,NEEDED,https://www.google.com/search?q=0K30C-58-560+ARMBASE+R+WIND+image&tbm=isch
18973,ARMBASE R WIND F,G226-58-590,2,MZ,18973_ARMBASE_R_WIND_F.jpg,NEEDED,https://www.google.com/search?q=G226-58-590+ARMBASE+R+WIND+F+image&tbm=isch
1110,AUTO OIL,04500-00117,3,,1110_AUTO_OIL.jpg,NEEDED,https://www.google.com/search?q=04500-00117+AUTO+OIL+image&tbm=isch
22175,"BAFFLE,AIR INTAKE",LFR5-13-204,3,MZ,"22175_BAFFLE,AIR_INTAKE.jpg",NEEDED,https://www.google.com/search?q=LFR5-13-204+BAFFLE%2CAIR+INTAKE+image&tbm=isch
10255,"BEAM ASSY,RR BUMPER",86630-1D010,3,,"10255_BEAM_ASSY,RR_BUMPER.jpg",NEEDED,https://www.google.com/search?q=86630-1D010+BEAM+ASSY%2CRR+BUMPER+image&tbm=isch
7347,"BEARING,TIMING",24410-26000,3,"KIA,MZ","7347_BEARING,TIMING.jpg",NEEDED,https://www.google.com/search?q=24410-26000+BEARING%2CTIMING+image&tbm=isch
17248,BELT LH,D651-57-L90A 01,3,,17248_BELT_LH.jpg,NEEDED,https://www.google.com/search?q=D651-57-L90A+01+BELT+LH+image&tbm=isch
24207,"BODY,AIR CLEANER",Z668-13-Z0X,3,MZ,"24207_BODY,AIR_CLEANER.jpg",NEEDED,https://www.google.com/search?q=Z668-13-Z0X+BODY%2CAIR+CLEANER+image&tbm=isch
22073,"BODY,FUEL FILTER",LFB6-13-ZE0,3,,"22073_BODY,FUEL_FILTER.jpg",NEEDED,https://www.google.com/search?q=LFB6-13-ZE0+BODY%2CFUEL+FILTER+image&tbm=isch
21547,"BODY,OIL FILTER",L311-14-311,3,,"21547_BODY,OIL_FILTER.jpg",NEEDED,https://www.google.com/search?q=L311-14-311+BODY%2COIL+FILTER+image&tbm=isch
20629,BOOT RACK,H331-32-125,3,MZ,20629_BOOT_RACK.jpg,NEEDED,https://www.google.com/search?q=H331-32-125+BOOT+RACK+image&tbm=isch
2160,BOOT RR,P96BGF40110AA,3,FORD,2160_BOOT_RR.jpg,NEEDED,https://www.google.com/search?q=P96BGF40110AA+BOOT+RR+image&tbm=isch
15632,"BRACKET LH,MOUNTING",BR9L-39-080,3,,"15632_BRACKET_LH,MOUNTING.jpg",NEEDED,https://www.google.com/search?q=BR9L-39-080+BRACKET+LH%2CMOUNTING+image&tbm=isch
7493,"BRACKET LH,RADIATOR",25333-1G100,3,MZ,"7493_BRACKET_LH,RADIATOR.jpg",NEEDED,https://www.google.com/search?q=25333-1G100+BRACKET+LH%2CRADIATOR+image&tbm=isch
921,"BRACKET RH,RADIATOR",25333-1G000,3,MZ,"921_BRACKET_RH,RADIATOR.jpg",NEEDED,https://www.google.com/search?q=25333-1G000+BRACKET+RH%2CRADIATOR+image&tbm=isch
901,"BRACKET,FRT BUMPER",8M5117E778AE,3,FORD,"901_BRACKET,FRT_BUMPER.jpg",NEEDED,https://www.google.com/search?q=8M5117E778AE+BRACKET%2CFRT+BUMPER+image&tbm=isch
19105,"BRACKET,RAD GRILLE",G46L-50-717A,3,,"19105_BRACKET,RAD_GRILLE.jpg",NEEDED,https://www.google.com/search?q=G46L-50-717A+BRACKET%2CRAD+GRILLE+image&tbm=isch
13786,"BRACKET,RAD-GRILLE",B63B-50-716,3,,"13786_BRACKET,RAD-GRILLE.jpg",NEEDED,https://www.google.com/search?q=B63B-50-716+BRACKET%2CRAD-GRILLE+image&tbm=isch
7491,"BRACKET,RADIATOR",25333-07000,3,KIA,"7491_BRACKET,RADIATOR.jpg",NEEDED,https://www.google.com/search?q=25333-07000+BRACKET%2CRADIATOR+image&tbm=isch
1210,"BRACKET,RADIATOR TOP",AV618226AB,3,,"1210_BRACKET,RADIATOR_TOP.jpg",NEEDED,https://www.google.com/search?q=AV618226AB+BRACKET%2CRADIATOR+TOP+image&tbm=isch
16538,"BUSH,OUTER",D09L-67-407,3,,"16538_BUSH,OUTER.jpg",NEEDED,https://www.google.com/search?q=D09L-67-407+BUSH%2COUTER+image&tbm=isch
14576,"BUSH,WIPER TANK MOTOR",BDGF-67-491,3,,"14576_BUSH,WIPER_TANK_MOTOR.jpg",NEEDED,https://www.google.com/search?q=BDGF-67-491+BUSH%2CWIPER+TANK+MOTOR+image&tbm=isch
758,CABLE ASSY,43760-4E910,3,,758_CABLE_ASSY.jpg,NEEDED,https://www.google.com/search?q=43760-4E910+CABLE+ASSY+image&tbm=isch
1742,"CABLE,CONTROL",BPS3-46-500,3,,"1742_CABLE,CONTROL.jpg",NEEDED,https://www.google.com/search?q=BPS3-46-500+CABLE%2CCONTROL+image&tbm=isch
8099,"CABLE,GEAR M/T",43794-07100,3,,"8099_CABLE,GEAR_M-T.jpg",NEEDED,https://www.google.com/search?q=43794-07100+CABLE%2CGEAR+M/T+image&tbm=isch
1959,CAP FUEL FILLER,F044-42-250A,3,"FORD,MZ",1959_CAP_FUEL_FILLER.jpg,NEEDED,https://www.google.com/search?q=F044-42-250A+CAP+FUEL+FILLER+image&tbm=isch
9832,CAP-FRT HOOK,86515-2G000,3,,9832_CAP-FRT_HOOK.jpg,NEEDED,https://www.google.com/search?q=86515-2G000+CAP-FRT+HOOK+image&tbm=isch
2185,CARTRIDGE OIL BY,PN16-14-V61A,3,"MZ,-",2185_CARTRIDGE_OIL_BY.jpg,NEEDED,https://www.google.com/search?q=PN16-14-V61A+CARTRIDGE+OIL+BY+image&tbm=isch
21697,"CHAIN,OIL PUMP",L3K9-14-151,3,,"21697_CHAIN,OIL_PUMP.jpg",NEEDED,https://www.google.com/search?q=L3K9-14-151+CHAIN%2COIL+PUMP+image&tbm=isch
14239,"CHAMBER,RR FENDER",BCJH-51-920A,3,MZ,"14239_CHAMBER,RR_FENDER.jpg",NEEDED,https://www.google.com/search?q=BCJH-51-920A+CHAMBER%2CRR+FENDER+image&tbm=isch
23503,CHANNEL,S084-72-581F,3,MZ,23503_CHANNEL.jpg,NEEDED,https://www.google.com/search?q=S084-72-581F+CHANNEL+image&tbm=isch
15347,CLAMP,BP4K-56-031C,3,,15347_CLAMP.jpg,NEEDED,https://www.google.com/search?q=BP4K-56-031C+CLAMP+image&tbm=isch
10790,"CLIPS,HEAD LAMP",92173-0U000,3,,"10790_CLIPS,HEAD_LAMP.jpg",NEEDED,https://www.google.com/search?q=92173-0U000+CLIPS%2CHEAD+LAMP+image&tbm=isch
16080,"CLIPS,SPOILER",C330-51-SJ3A,3,,"16080_CLIPS,SPOILER.jpg",NEEDED,https://www.google.com/search?q=C330-51-SJ3A+CLIPS%2CSPOILER+image&tbm=isch
13151,"CLIPS,TAIL LAMP",B01W-51-142B,3,,"13151_CLIPS,TAIL_LAMP.jpg",NEEDED,https://www.google.com/search?q=B01W-51-142B+CLIPS%2CTAIL+LAMP+image&tbm=isch
6370,CLUTCH CABLE,0K31G-41-150D,3,KIA,6370_CLUTCH_CABLE.jpg,NEEDED,https://www.google.com/search?q=0K31G-41-150D+CLUTCH+CABLE+image&tbm=isch
